-- KIOSK Data Migration to Supabase
-- Run this in Supabase SQL Editor

-- Step 1: Users (30 records)
-- Note: Skip admin_users as master admin is auto-seeded
INSERT INTO users (id, email, password_hash, name, role, status, phone, location, business_name, business_type, verification_status, store_description, is_deleted, created_at, updated_at) VALUES ('user_d3aa3615dfb84ee2', 'admin1@kiosk.com.gh', '8e7a02e5-430c-40:0a04e907b075dc72076cac1bd19c6831c8cd8d408c69d1e41d60ff7fb5544f47', 'ADMIN  ONE', 'admin', 'active', '', '', '', '', '', '', 0, '2026-01-07T20:18:42.891Z', '2026-01-07T21:05:31.232Z');
INSERT INTO users (id, email, password_hash, name, role, status, phone, location, business_name, business_type, verification_status, store_description, is_deleted, created_at, updated_at) VALUES ('user_c5006fcd4eae499b', 'ven12@kiosk.com.gh', '6139fa47-1322-4d:386ebe7dd469956dd156188d879ed79c608d3061f8395836763a05ba037497a1', 'Ven Twelve', 'vendor', 'active', '+233244303362', 'Accra, Ashanti Region', 'Apple Shop', 'Retailer', 'verified', '', 0, '2026-01-11T10:34:22.108Z', '2026-01-11T10:45:10.767Z');
INSERT INTO users (id, email, password_hash, name, role, status, phone, location, business_name, business_type, verification_status, store_description, is_deleted, created_at, updated_at) VALUES ('user_ea280006f0f34bd5', 'ven11@kiosk.com.gh', '171d9122-3f0b-40:391c57a57219b19b22a3e3ceeed8e8fc8c3d2246bdc9f21a24c2b2b4ccc58cf8', 'Buyer Eleven', 'buyer', 'deleted', '+233244303361', 'Accrahgdghhjdjhgshjshjhsjhjs, Greater Accra', '', '', '', '', 1, '2026-01-11T10:29:54.851Z', '2026-01-11T11:49:05.911Z');
INSERT INTO users (id, email, password_hash, name, role, status, phone, location, business_name, business_type, verification_status, store_description, is_deleted, created_at, updated_at) VALUES ('user_d3e992055799442d', 'buy5@kiosk.com.gh', '2fd27e08-5ebe-40:d6175c5500cae7e7f47303e72638f6fa5150499878b4a0546b75ef94cada0ae9', 'buy Five', 'buyer', 'active', '0244202202', 'Tamale, Northern Region', '', '', '', '', 0, '2026-01-08T11:21:31.049Z', '2026-01-12T14:10:08.554Z');
INSERT INTO users (id, email, password_hash, name, role, status, phone, location, business_name, business_type, verification_status, store_description, is_deleted, created_at, updated_at) VALUES ('user_58dcca4d5d6847f7', 'venjhshjshgsgfjdfxyhvdwvhdxvuj@gmail.com', '5c33dbdd-0373-41:a3187d9341c642100226cbb3969edd34792643f317844e649b30a80c3242e920', 'Ven  Five', 'vendor', 'pending', '+233244202361', 'hgdgfhsfgcgfdfgsfg, Greater Accra', 'FUCK YOU', 'Small Business', 'pending', '', 0, '2026-01-09T22:13:27.290Z', '2026-01-09T22:13:27.290Z');
INSERT INTO users (id, email, password_hash, name, role, status, phone, location, business_name, business_type, verification_status, store_description, is_deleted, created_at, updated_at) VALUES ('user_633bd14526584d34', 'buy10@kiosk.com.gh', '269c432e-3f19-43:c74d771f99c9caab8f55eafae7ea0ae61602e55d6bbb27fa64a427d06a137310', 'Good Form', 'buyer', 'active', '+233244202369', 'Accra, Ashanti Region', '', '', '', '', 0, '2026-01-10T12:52:54.979Z', '2026-01-10T12:52:54.979Z');
INSERT INTO users (id, email, password_hash, name, role, status, phone, location, business_name, business_type, verification_status, store_description, is_deleted, created_at, updated_at) VALUES ('user_5703ed78fec24e10', 'buy2@kiosk.com.gh', '0fc0e05c-f912-4f:9da82e681e014442150e00a71a059aebb94227b60550feec584c99751872f38c', 'Buyer Two', 'buyer', 'active', '0244202361', 'Accra', '', '', '', '', 0, '2026-01-07T18:02:33.394Z', '2026-01-17T15:48:28.353Z');
INSERT INTO users (id, email, password_hash, name, role, status, phone, location, business_name, business_type, verification_status, store_description, is_deleted, created_at, updated_at) VALUES ('user_6b26c637d1d74919', 'buy4@kiosk.com.gh', '81166eee-6554-48:d73fefd4a6b3d3590ab0d8cbfa1c38055f657772e0cbb7f5f755e5e072c6bbb3', 'Buy Four', 'buyer', 'active', '0244202202', 'Accra, Ashanti Region', '', '', '', '', 0, '2026-01-08T10:10:03.142Z', '2026-01-08T10:10:03.142Z');
INSERT INTO users (id, email, password_hash, name, role, status, phone, location, business_name, business_type, verification_status, store_description, is_deleted, created_at, updated_at) VALUES ('user_23074fdb18c14f79', 'buy@kiosk.com.gh', 'e9dfd72a-6fe8-42:b56848dbcbfd2986d9c4749595299b04fbe951be51b9d0ad7127760e19c2ab83', 'New Buyer', 'buyer', 'active', '0244202202', 'Accra, Greater Accra', '', '', '', '', 0, '2026-01-06T19:01:29.650Z', '2026-01-27T21:36:11.702Z');
INSERT INTO users (id, email, password_hash, name, role, status, phone, location, business_name, business_type, verification_status, store_description, is_deleted, created_at, updated_at) VALUES ('user_0f25a769864b40d9', 'ven14@kiosk.com.gh', 'd6f04fe4-18f1-47:2a005a89b5989b6e63fffece3a86a397d38b6019fac8f159903e723432c321df', 'Vendor Fourteen', 'vendor', 'pending', '+233244509789', 'Accra, Greater Accra', 'Good bussines name', 'Individual Seller', 'verified', '', 0, '2026-01-11T12:11:30.028Z', '2026-01-13 11:19:53.87434+00');
INSERT INTO users (id, email, password_hash, name, role, status, phone, location, business_name, business_type, verification_status, store_description, is_deleted, created_at, updated_at) VALUES ('user_3115f51989fe4a09', 'buy6@kiosk.com.gh', 'e47f78bd-051c-41:29ecc050d772eb72ce4345496fa9f5eb3fd995ded9b2192c476b12fc971f1e73', 'Buyer Six', 'buyer', 'active', '0244167890', 'Accra, Greater Accra', '', '', '', '', 0, '2026-01-08T12:01:32.884Z', '2026-01-08T12:01:32.884Z');
INSERT INTO users (id, email, password_hash, name, role, status, phone, location, business_name, business_type, verification_status, store_description, is_deleted, created_at, updated_at) VALUES ('user_9dca986dc3ef45aa', 'ven1@kiosk.com.gh', '9193eb2a-7691-48:379c7d3f93af4b58383a97783d25bdba5134c25788257e17110104a624768244', 'New Vendor', 'vendor', 'active', '0244202361', 'ACCRA', 'MY BUSINESS', 'Small Business', 'verified', '', 0, '2026-01-06T21:50:43.726Z', '2026-01-27T20:49:06.023Z');
INSERT INTO users (id, email, password_hash, name, role, status, phone, location, business_name, business_type, verification_status, store_description, is_deleted, created_at, updated_at) VALUES ('user_7c050d25b1fa4a87', 'buy3@kiosk.com.gh', 'b7cea572-c801-48:204525ae5a9cc069a0f82e551778c68a96307707421eaa1b823d449bd5abfbdc', 'Buyer Three', 'buyer', 'active', '0244167890', 'Accra, Greater Accra', '', '', '', '', 0, '2026-01-08T10:04:12.183Z', '2026-01-12T19:54:57.330Z');
INSERT INTO users (id, email, password_hash, name, role, status, phone, location, business_name, business_type, verification_status, store_description, is_deleted, created_at, updated_at) VALUES ('user_1073e4067a744542', 'buy7@kiosk.com.gh', '35c06fa9-d3af-48:834d9303b54ea5ffe05549e8d9369d03a0208cc1eee22294bac95cca8c4e1cf0', 'Buye Buye', 'buyer', 'deleted', 'hgfdged099890000000000000000000000009388bdbdhsxhb', 'Accra, Greater Accra', '', '', '', '', 1, '2026-01-09T19:59:05.782Z', '2026-01-12T10:38:52.830Z');
INSERT INTO users (id, email, password_hash, name, role, status, phone, location, business_name, business_type, verification_status, store_description, is_deleted, created_at, updated_at) VALUES ('user_16e2c7b8644b4664', 'hgsghsghhgghghhbgghsgghsghghs@gmail.com', '4a0e0198-a9bd-40:9279427a5cd92baed30efe2f18873e507ac88e137f12e405a5adc9961a566605', 'FUCK NIGGER', 'vendor', 'deleted', '+233244202361', 'ghyyhcwsyttedswgtuevsdktuvfuswdfcvdujwvfsddujfvsujwfsujysuj,yqsujyvgfsujyqvgs, Greater Accra', 'NIGGER', 'Corporation', 'pending', '', 1, '2026-01-09T22:19:48.120Z', '2026-01-11T11:49:17.375Z');
INSERT INTO users (id, email, password_hash, name, role, status, phone, location, business_name, business_type, verification_status, store_description, is_deleted, created_at, updated_at) VALUES ('user_10e09edfc0e64221', 'niggerkillgerfuck@gmail.com', '46ba525e-a96a-44:aecff169e73f36c55d5c6b6f432979fd962618eefd4ee93defeb7e966df06675', 'GOOD GOOD', 'buyer', 'deleted', '+233244202362', 'vgasdcdqYCXDYCQWYHTCQucvvah, Greater Accra', '', '', '', '', 1, '2026-01-10T09:01:30.965Z', '2026-01-11T11:49:30.183Z');
INSERT INTO users (id, email, password_hash, name, role, status, phone, location, business_name, business_type, verification_status, store_description, is_deleted, created_at, updated_at) VALUES ('user_9fc5cc84c7d94134', 'fuckyou@gmial.com', '101dd851-0297-47:098d57db271281d613ac9c384c0a568104a5b863118e567bb92e97983799037b', 'NIGGER FUCK', 'vendor', 'deleted', '+233244202361', 'FUCK YOU, Greater Accra', 'FUCK YOU1', 'Small Business', 'rejected', '', 1, '2026-01-09T22:23:06.819Z', '2026-01-11T14:44:32.162Z');
INSERT INTO users (id, email, password_hash, name, role, status, phone, location, business_name, business_type, verification_status, store_description, is_deleted, created_at, updated_at) VALUES ('user_08e690aa161f4baa', 'newuser111@test.com', '18611810-091c-44:ecfa6426ebe682af2f2f6c0964ca64cbaa32962e4e35a1e3a70b291b40af7ec7', 'John Smith', 'buyer', 'active', '+233244202202', '', '', '', '', '', 0, '2026-01-11T19:54:38.980Z', '2026-01-11T19:54:49.140Z');
INSERT INTO users (id, email, password_hash, name, role, status, phone, location, business_name, business_type, verification_status, store_description, is_deleted, created_at, updated_at) VALUES ('user_d25a17f89c6245eb', 'ven10@kiosk.com.gh', '80d7dae2-ea02-4d:43a01a16f941a298132729f9473951e96630f531e8ad4ba210a137b5ffeaf35b', 'Good Good', 'vendor', 'active', '+233244202360', 'Accra, Greater Accra', 'Good Boy', 'Small Business', 'verified', '', 0, '2026-01-10T12:56:32.949Z', '2026-01-11T22:12:59.897Z');
INSERT INTO users (id, email, password_hash, name, role, status, phone, location, business_name, business_type, verification_status, store_description, is_deleted, created_at, updated_at) VALUES ('user_d4107c89a20242db', 'buy15@kiosk.com.gh', '2f68ca27-08b9-46:8b8254327ef246dcf4cf972f0696937de7e9b8daa969f4c473009ed3334c953d', 'Buyer Fifteen', 'buyer', 'active', '+233244206362', 'Accra, Greater Accra', '', '', '', '', 0, '2026-01-12T11:33:35.290Z', '2026-01-12T11:33:35.290Z');
INSERT INTO users (id, email, password_hash, name, role, status, phone, location, business_name, business_type, verification_status, store_description, is_deleted, created_at, updated_at) VALUES ('user_80380234c0154a4e', 'ven8@kiosk.com.gh', '478bf6ce-087f-42:3434de6cbcf7234c1ffbf28900357b49431c1d794d0ff2125bccaf50c28c5de3', 'Ven  Good', 'vendor', 'pending', '+233244202363', 'Accra, Ashanti Region', 'Good Boy', 'Retailer', 'verified', '', 0, '2026-01-10T09:05:13.036Z', '2026-01-13 11:19:53.87434+00');
INSERT INTO users (id, email, password_hash, name, role, status, phone, location, business_name, business_type, verification_status, store_description, is_deleted, created_at, updated_at) VALUES ('user_8f632180e9dd40da', 'dave@hdnkonsult.com', 'f25c316b-9877-4b:fcf91f459fc20e15a2a53e38b2c71b0d269178d7f65c617e60539e2ee9e2a8cb', 'Hans Davidson', 'buyer', 'active', '+233244202000', 'Haatso, Greater Accra Region', '', '', '', '', 0, '2026-01-20T22:14:20.876Z', '2026-01-21T17:53:54.123Z');
INSERT INTO users (id, email, password_hash, name, role, status, phone, location, business_name, business_type, verification_status, store_description, is_deleted, created_at, updated_at) VALUES ('user_59939509f55c46d9', 'groodchap12@gmail.com', '', 'Sherman Cole', 'buyer', 'active', '', '', '', '', '', '', 0, '2026-01-12T23:09:15.585Z', '2026-01-12T23:09:15.585Z');
INSERT INTO users (id, email, password_hash, name, role, status, phone, location, business_name, business_type, verification_status, store_description, is_deleted, created_at, updated_at) VALUES ('user_ec5b75a45b984a34', 'jslamp909@gmail.com', '', 'Joshua Lamp', 'buyer', 'active', '', '', '', '', '', '', 0, '2026-01-12T23:03:28.081Z', '2026-01-12T23:30:08.318Z');
INSERT INTO users (id, email, password_hash, name, role, status, phone, location, business_name, business_type, verification_status, store_description, is_deleted, created_at, updated_at) VALUES ('user_83b01425e5c14deb', 'hdn.k2788@gmail.com', '', 'Paul Nduro', 'buyer', 'active', '', '', '', '', '', '', 0, '2026-01-13T08:31:38.673Z', '2026-01-13T08:34:03.683Z');
INSERT INTO users (id, email, password_hash, name, role, status, phone, location, business_name, business_type, verification_status, store_description, is_deleted, created_at, updated_at) VALUES ('user_0198aa9788554b8e', 'thandumanl23@gmail.com', '', 'Timo Than', 'buyer', 'active', '', '', '', '', '', '', 0, '2026-01-13T08:36:21.694Z', '2026-01-13T08:36:21.694Z');
INSERT INTO users (id, email, password_hash, name, role, status, phone, location, business_name, business_type, verification_status, store_description, is_deleted, created_at, updated_at) VALUES ('user_a4f8cfe4295f443d', 'ven2@kiosk.com.gh', '58f90e40-1f5f-41:4cde24c83f501e3e3d483b431f16324e9c2b76bc89fbfbe1afd58e75662a10d7', 'NEW VENDOR', 'vendor', 'pending', '0244555555', 'ACCRA', 'MY BUSSINESS', 'Wholesaler', 'verified', '', 0, '2026-01-06T22:22:46.808Z', '2026-01-27T20:46:20.476Z');
INSERT INTO users (id, email, password_hash, name, role, status, phone, location, business_name, business_type, verification_status, store_description, is_deleted, created_at, updated_at) VALUES ('user_5f699776c0564a5b', 'ven@kiosk.com.gh', '90d6d1b7-5043-4c:b2291ac23c7143cd0a35617b25d6ff9cf62a415bc8524f21ac8bcae70cb1ab59', 'New Vendor', 'vendor', 'active', '0244202361', 'Kumasi, Ashanti Region', 'My Business', 'Individual Seller', 'verified', '', 0, '2026-01-06T19:04:26.236Z', '2026-01-27T21:40:14.589Z');
INSERT INTO users (id, email, password_hash, name, role, status, phone, location, business_name, business_type, verification_status, store_description, is_deleted, created_at, updated_at) VALUES ('user_7f415cbcc22b46c1', 'board@kiosk.com.gh', '0836d92a-fecb-44:91beddaac38a5aaf8572b36635922f84fe2d33fee0c7db187e75cacf0aed35ce', 'John Board', 'vendor', 'pending', '+233233202361', 'Osu, Greater Accra Region', 'OTI BUSINESSS', 'Small Business', 'verified', '', 0, '2026-01-13T09:49:34.437Z', '2026-01-13 11:19:53.87434+00');
INSERT INTO users (id, email, password_hash, name, role, status, phone, location, business_name, business_type, verification_status, store_description, is_deleted, created_at, updated_at) VALUES ('user_0e57bae2fa9b41f8', 'smile@kiosk.com.gh', 'cab7b49e-0d26-41:4fa0d5605c35d8655f983e89f2afe0530432e0054d1e20c9841e48e6f8cd3843', 'John Smile', 'vendor', 'pending', '+233244567897', 'Taifa, Greater Accra Region', 'Smile ID', 'Manufacturer', 'verified', '', 0, '2026-01-13T11:11:17.564Z', '2026-01-13 11:19:53.87434+00');

-- Step 2: Categories (12 records)
INSERT INTO categories (id, name, slug, description, icon, parent_id, is_active, show_in_menu, show_in_home, display_order, form_schema, created_at, updated_at) VALUES ('cat_vehicles', 'Vehicles', 'vehicles', 'Cars, motorcycles, and other vehicles', '🚗', NULL, 1, 1, 1, 1, '[{"key":"vehicleType","label":"Vehicle Type","type":"select","required":true,"options":["Car","SUV/4x4","Pickup","Van/Bus","Motorcycle","Tricycle (Pragya)","Truck","Other"]},{"key":"make","label":"Make","type":"select","required":true,"options":["Toyota","Honda","Nissan","Hyundai","Kia","Mercedes-Benz","BMW","Volkswagen","Ford","Mazda","Mitsubishi","Peugeot","Suzuki","Chevrolet","Lexus","Audi","Land Rover","Jeep","Isuzu","Other"]},{"key":"model","label":"Model","type":"text","required":false,"placeholder":"e.g., Corolla, Civic, Camry"},{"key":"year","label":"Year","type":"select","required":true,"options":["2026","2025","2024","2023","2022","2021","2020","2019","2018","2017","2016","2015","2014","2013","2012","2011","2010","2009","2008","2007","2006","2005","2004","2003","2002","2001","2000","1999","1998","1997","1996","1995","1990-1994","Before 1990"]},{"key":"transmission","label":"Transmission","type":"select","required":true,"options":["Automatic","Manual"]},{"key":"fuelType","label":"Fuel Type","type":"select","required":true,"options":["Petrol","Diesel","Hybrid","Electric","LPG"]},{"key":"engineCapacity","label":"Engine Capacity","type":"select","required":false,"options":["Below 1.0L","1.0L","1.3L","1.5L","1.6L","1.8L","2.0L","2.4L","2.5L","3.0L","3.5L","4.0L+"]},{"key":"condition","label":"Condition","type":"select","required":true,"options":["Brand New","Foreign Used (Tokumbo)","Locally Used"]},{"key":"mileage","label":"Mileage","type":"select","required":false,"options":["0 - 50,000 km","50,000 - 100,000 km","100,000 - 150,000 km","150,000 - 200,000 km","200,000+ km"]},{"key":"registered","label":"Registered in Ghana","type":"select","required":false,"options":["Yes","No"]},{"key":"color","label":"Color","type":"text","required":false}]', '2026-01-27 10:12:28.738744+00', '2026-01-27 10:12:28.738744+00');
INSERT INTO categories (id, name, slug, description, icon, parent_id, is_active, show_in_menu, show_in_home, display_order, form_schema, created_at, updated_at) VALUES ('cat_leisure', 'Leisure & Activities', 'leisure-activities', 'Sports, fitness, hobbies, and entertainment', '⚽', NULL, 1, 1, 1, 9, '[{"key":"category","label":"Category","type":"select","required":true,"options":["Sports Equipment","Fitness/Gym","Outdoor/Camping","Musical Instruments","Books/Magazines","Board Games/Toys","Art & Craft Supplies","Bicycles","Video Games","Tickets/Events","Other"]},{"key":"sport","label":"Sport/Activity","type":"select","required":false,"options":["Football","Basketball","Tennis","Running/Athletics","Swimming","Gym/Weights","Cycling","Boxing","Yoga/Fitness","Golf","Other"]},{"key":"condition","label":"Condition","type":"select","required":true,"options":["Brand New","Used - Good","Used - Fair"]},{"key":"ageGroup","label":"Age Group","type":"select","required":false,"options":["Kids","Teens","Adults","All Ages"]}]', '2026-01-27 10:12:28.836815+00', '2026-01-27 10:12:28.836815+00');
INSERT INTO categories (id, name, slug, description, icon, parent_id, is_active, show_in_menu, show_in_home, display_order, form_schema, created_at, updated_at) VALUES ('cat_mobile_phones', 'Mobile Phones', 'mobile-phones', 'Smartphones, feature phones, and accessories', '📱', NULL, 1, 1, 1, 2, E'[{"key":"brand","label":"Brand","type":"select","required":true,"options":["Apple","Samsung","Tecno","Infinix","Itel","Xiaomi","Oppo","Realme","Nokia","Huawei","Vivo","Google","OnePlus","Other"]},{"key":"model","label":"Model","type":"text","required":false,"placeholder":"e.g., iPhone 15, Galaxy S24"},{"key":"storage","label":"Storage","type":"select","required":true,"options":["16GB","32GB","64GB","128GB","256GB","512GB","1TB"]},{"key":"ram","label":"RAM","type":"select","required":false,"options":["1GB","2GB","3GB","4GB","6GB","8GB","12GB","16GB"]},{"key":"condition","label":"Condition","type":"select","required":true,"options":["Brand New","UK Used","US Used","Locally Used","Refurbished"]},{"key":"network","label":"Network","type":"multi_select","required":false,"options":["3G","4G LTE","5G","Dual SIM"]},{"key":"screenSize","label":"Screen Size","type":"select","required":false,"options":["Below 5\\"","5\\" - 5.5\\"","5.5\\" - 6\\"","6\\" - 6.5\\"","Above 6.5\\""]},{"key":"color","label":"Color","type":"text","required":false}]', '2026-01-27 10:12:28.794563+00', '2026-01-27 10:12:28.794563+00');
INSERT INTO categories (id, name, slug, description, icon, parent_id, is_active, show_in_menu, show_in_home, display_order, form_schema, created_at, updated_at) VALUES ('cat_electronics', 'Electronics', 'electronics', 'Computers, TVs, audio equipment, and gadgets', '💻', NULL, 1, 1, 1, 3, '[{"key":"type","label":"Type","type":"select","required":true,"options":["Laptop","Desktop Computer","Tablet","TV","Monitor","Camera","Gaming Console","Audio/Speakers","Headphones","Printer","Projector","Networking","Storage Device","Accessories","Other"]},{"key":"brand","label":"Brand","type":"select","required":false,"options":["Samsung","LG","Sony","HP","Dell","Lenovo","Apple","Asus","Acer","TCL","Hisense","JBL","Bose","Canon","Nikon","Other"]},{"key":"condition","label":"Condition","type":"select","required":true,"options":["Brand New","UK/US Used","Locally Used","Refurbished"]},{"key":"warranty","label":"Warranty","type":"select","required":false,"options":["No Warranty","3 Months","6 Months","1 Year","2 Years","3+ Years"]},{"key":"model","label":"Model","type":"text","required":false}]', '2026-01-27 10:12:28.799251+00', '2026-01-27 10:12:28.799251+00');
INSERT INTO categories (id, name, slug, description, icon, parent_id, is_active, show_in_menu, show_in_home, display_order, form_schema, created_at, updated_at) VALUES ('cat_furniture', 'Home Furniture & Deco', 'home-furniture-deco', 'Furniture, home decor, and interior items', '🛋️', NULL, 1, 1, 1, 4, '[{"key":"type","label":"Type","type":"select","required":true,"options":["Sofa/Couch","Bed/Mattress","Wardrobe/Closet","Dining Table","Chair","Desk/Office Furniture","Shelf/Cabinet","TV Stand","Curtains/Blinds","Rug/Carpet","Wall Art/Decor","Lighting","Mirror","Other"]},{"key":"room","label":"Room","type":"select","required":false,"options":["Living Room","Bedroom","Dining Room","Kitchen","Bathroom","Office","Outdoor","Kids Room"]},{"key":"material","label":"Material","type":"select","required":false,"options":["Wood","Metal","Fabric","Leather","Plastic","Glass","Rattan/Cane","Mixed"]},{"key":"condition","label":"Condition","type":"select","required":true,"options":["Brand New","Fairly Used","Needs Repair"]},{"key":"color","label":"Color","type":"text","required":false}]', '2026-01-27 10:12:28.805084+00', '2026-01-27 10:12:28.805084+00');
INSERT INTO categories (id, name, slug, description, icon, parent_id, is_active, show_in_menu, show_in_home, display_order, form_schema, created_at, updated_at) VALUES ('cat_appliances', 'Home Appliances', 'home-appliances', 'Kitchen appliances, cleaning, and household equipment', '🔌', NULL, 1, 1, 1, 5, '[{"key":"type","label":"Type","type":"select","required":true,"options":["Refrigerator","Freezer","Washing Machine","Dryer","Air Conditioner","Fan","Microwave","Oven/Stove","Blender","Iron","Vacuum Cleaner","Water Heater","Generator","Inverter/UPS","Water Dispenser","Gas Cooker","Electric Kettle","Other"]},{"key":"brand","label":"Brand","type":"select","required":false,"options":["Samsung","LG","Hisense","Midea","Haier","Nasco","Binatone","Scanfrost","Thermocool","Philips","Panasonic","Other"]},{"key":"condition","label":"Condition","type":"select","required":true,"options":["Brand New","UK/US Used","Locally Used","Refurbished"]},{"key":"warranty","label":"Warranty","type":"select","required":false,"options":["No Warranty","3 Months","6 Months","1 Year","2 Years","3+ Years"]},{"key":"power","label":"Power Rating","type":"text","required":false,"placeholder":"e.g., 1.5HP, 300W"}]', '2026-01-27 10:12:28.819648+00', '2026-01-27 10:12:28.819648+00');
INSERT INTO categories (id, name, slug, description, icon, parent_id, is_active, show_in_menu, show_in_home, display_order, form_schema, created_at, updated_at) VALUES ('cat_fashion', 'Fashion', 'fashion', 'Clothing, shoes, bags, and accessories', '👗', NULL, 1, 1, 1, 6, '[{"key":"type","label":"Type","type":"select","required":true,"options":["African Traditional/Kente","Casual Wear","Formal Wear","Sportswear","Shoes/Footwear","Bags/Purses","Jewelry","Watches","Hats/Caps","Belts","Sunglasses","Traditional Beads","Other Accessories"]},{"key":"gender","label":"Gender","type":"select","required":true,"options":["Men","Women","Unisex","Boys","Girls"]},{"key":"size","label":"Size","type":"select","required":false,"options":["XS","S","M","L","XL","XXL","XXXL","Free Size","See Description"]},{"key":"condition","label":"Condition","type":"select","required":true,"options":["Brand New","Fairly Used"]},{"key":"material","label":"Material","type":"text","required":false,"placeholder":"e.g., Cotton, Ankara, Kente"},{"key":"color","label":"Color","type":"text","required":false}]', '2026-01-27 10:12:28.824703+00', '2026-01-27 10:12:28.824703+00');
INSERT INTO categories (id, name, slug, description, icon, parent_id, is_active, show_in_menu, show_in_home, display_order, form_schema, created_at, updated_at) VALUES ('cat_beauty', 'Beauty & Personal Care', 'beauty-personal-care', 'Skincare, haircare, makeup, and grooming products', '💄', NULL, 1, 1, 1, 7, '[{"key":"category","label":"Category","type":"select","required":true,"options":["Skincare","Haircare","Makeup","Fragrance/Perfume","Body Care","Oral Care","Shaving/Grooming","Nail Care","Hair Extensions/Wigs","Personal Hygiene","Other"]},{"key":"skinType","label":"Skin/Hair Type","type":"select","required":false,"options":["All Types","Oily","Dry","Combination","Sensitive","Normal"]},{"key":"gender","label":"For","type":"select","required":false,"options":["Men","Women","Unisex","Children"]},{"key":"organic","label":"Natural/Organic","type":"select","required":false,"options":["Yes","No"]},{"key":"size","label":"Size/Volume","type":"text","required":false,"placeholder":"e.g., 100ml, 50g"}]', '2026-01-27 10:12:28.828249+00', '2026-01-27 10:12:28.828249+00');
INSERT INTO categories (id, name, slug, description, icon, parent_id, is_active, show_in_menu, show_in_home, display_order, form_schema, created_at, updated_at) VALUES ('cat_tools', 'Tools & Equipment', 'tools-equipment', 'Power tools, hand tools, and industrial equipment', '🔧', NULL, 1, 1, 1, 8, '[{"key":"type","label":"Type","type":"select","required":true,"options":["Power Tools","Hand Tools","Welding Equipment","Plumbing Tools","Electrical Tools","Carpentry Tools","Garden Tools","Measuring Tools","Safety Equipment","Industrial Machinery","Construction Equipment","Other"]},{"key":"brand","label":"Brand","type":"select","required":false,"options":["Bosch","DeWalt","Makita","Stanley","Black & Decker","Milwaukee","Ingco","Total","Tolsen","Other"]},{"key":"condition","label":"Condition","type":"select","required":true,"options":["Brand New","Used - Good","Used - Fair","Needs Repair"]},{"key":"powerSource","label":"Power Source","type":"select","required":false,"options":["Electric (Corded)","Battery/Cordless","Petrol/Diesel","Manual","Pneumatic"]}]', '2026-01-27 10:12:28.831872+00', '2026-01-27 10:12:28.831872+00');
INSERT INTO categories (id, name, slug, description, icon, parent_id, is_active, show_in_menu, show_in_home, display_order, form_schema, created_at, updated_at) VALUES ('cat_babies_kids', 'Babies & Kids', 'babies-kids', 'Baby gear, toys, clothing, and kids items', '👶', NULL, 1, 1, 1, 10, '[{"key":"category","label":"Category","type":"select","required":true,"options":["Baby Clothing","Kids Clothing","Diapers/Wipes","Feeding/Nursing","Strollers/Carriers","Car Seats","Cribs/Beds","Toys","Educational/Books","Baby Care Products","Maternity","Other"]},{"key":"ageRange","label":"Age Range","type":"select","required":false,"options":["0-3 months","3-6 months","6-12 months","1-2 years","2-4 years","4-6 years","6-10 years","10+ years"]},{"key":"gender","label":"Gender","type":"select","required":false,"options":["Boy","Girl","Unisex"]},{"key":"condition","label":"Condition","type":"select","required":true,"options":["Brand New","Fairly Used"]},{"key":"size","label":"Size","type":"text","required":false}]', '2026-01-27 10:12:28.84269+00', '2026-01-27 10:12:28.84269+00');
INSERT INTO categories (id, name, slug, description, icon, parent_id, is_active, show_in_menu, show_in_home, display_order, form_schema, created_at, updated_at) VALUES ('cat_food_agriculture', 'Food, Agriculture & Farming', 'food-agriculture-farming', 'Food products, farm produce, seeds, and agricultural supplies', '🌾', NULL, 1, 1, 1, 11, '[{"key":"category","label":"Category","type":"select","required":true,"options":["Fresh Produce","Grains/Cereals","Processed Foods","Beverages","Spices/Seasonings","Livestock Feed","Seeds/Seedlings","Fertilizers","Pesticides","Farm Tools","Livestock","Fish/Seafood","Other"]},{"key":"origin","label":"Origin","type":"select","required":false,"options":["Local (Ghana)","Imported","Mixed"]},{"key":"dietary","label":"Dietary","type":"multi_select","required":false,"options":["Organic","Halal","Vegetarian","Vegan","Gluten-Free"]},{"key":"packaging","label":"Packaging","type":"select","required":false,"options":["Fresh/Loose","Packaged","Frozen","Canned","Dried","Bulk"]},{"key":"weight","label":"Weight/Quantity","type":"text","required":false,"placeholder":"e.g., 5kg, 50 pieces"}]', '2026-01-27 10:12:28.847282+00', '2026-01-27 10:12:28.847282+00');
INSERT INTO categories (id, name, slug, description, icon, parent_id, is_active, show_in_menu, show_in_home, display_order, form_schema, created_at, updated_at) VALUES ('cat_animals_pets', 'Animals & Pets', 'animals-pets', 'Pets, livestock, and pet supplies', '🐕', NULL, 1, 1, 1, 12, '[{"key":"category","label":"Category","type":"select","required":true,"options":["Dogs","Cats","Birds","Fish/Aquarium","Rabbits","Poultry (Chickens/Turkeys)","Goats/Sheep","Cattle","Pigs","Pet Food","Pet Accessories","Cages/Enclosures","Other"]},{"key":"breed","label":"Breed","type":"text","required":false},{"key":"age","label":"Age","type":"select","required":false,"options":["Baby/Puppy/Kitten","Young","Adult","Senior"]},{"key":"gender","label":"Gender","type":"select","required":false,"options":["Male","Female","Unknown","N/A"]},{"key":"vaccinated","label":"Vaccinated","type":"select","required":false,"options":["Yes","No","Partially","N/A"]}]', '2026-01-27 10:12:28.850896+00', '2026-01-27 10:12:28.850896+00');

-- Step 3: Vendors (12 records)
INSERT INTO vendors (id, user_id, business_name, business_type, description, phone, email, address, city, region, verification_status, store_status, commission_rate, total_sales, total_orders, rating, review_count, created_at, updated_at) VALUES ('vendor_78167be858bb4ce7', 'user_5f699776c0564a5b', 'My Business', 'Individual Seller', '', '0244202361', 'ven@kiosk.com.gh', '', '', '', 'verified', 'active', 0.1, 0, 0, 0, 0, '2026-01-06T19:04:26.236Z', '2026-01-06T19:05:03.575Z');
INSERT INTO vendors (id, user_id, business_name, business_type, description, phone, email, address, city, region, verification_status, store_status, commission_rate, total_sales, total_orders, rating, review_count, created_at, updated_at) VALUES ('vendor_70a7146d1a3f4e8b', 'user_9dca986dc3ef45aa', 'MY BUSINESS', 'Small Business', '', '0244202361', 'ven1@kiosk.com.gh', '', '', '', 'verified', 'active', 0.1, 0, 0, 0, 0, '2026-01-06T21:50:43.726Z', '2026-01-08T09:22:36.322Z');
INSERT INTO vendors (id, user_id, business_name, business_type, description, phone, email, address, city, region, verification_status, store_status, commission_rate, total_sales, total_orders, rating, review_count, created_at, updated_at) VALUES ('vendor_7bc00b3e58654cdd', 'user_58dcca4d5d6847f7', 'FUCK YOU', 'Small Business', '', '+233244202361', 'venjhshjshgsgfjdfxyhvdwvhdxvuj@gmail.com', '', '', '', 'pending', 'inactive', 0.1, 0, 0, 0, 0, '2026-01-09T22:13:27.290Z', '2026-01-09T22:13:27.290Z');
INSERT INTO vendors (id, user_id, business_name, business_type, description, phone, email, address, city, region, verification_status, store_status, commission_rate, total_sales, total_orders, rating, review_count, created_at, updated_at) VALUES ('vendor_397135a895074b31', 'user_16e2c7b8644b4664', 'NIGGER', 'Corporation', '', '+233244202361', 'hgsghsghhgghghhbgghsgghsghghs@gmail.com', '', '', '', 'pending', 'inactive', 0.1, 0, 0, 0, 0, '2026-01-09T22:19:48.120Z', '2026-01-09T22:19:48.120Z');
INSERT INTO vendors (id, user_id, business_name, business_type, description, phone, email, address, city, region, verification_status, store_status, commission_rate, total_sales, total_orders, rating, review_count, created_at, updated_at) VALUES ('vendor_89eacc349e4647c2', 'user_d25a17f89c6245eb', 'Good Boy', 'Small Business', '', '+233244202360', 'ven10@kiosk.com.gh', '', '', '', 'verified', 'active', 0.1, 0, 0, 0, 0, '2026-01-10T12:56:32.949Z', '2026-01-10T13:19:06.904Z');
INSERT INTO vendors (id, user_id, business_name, business_type, description, phone, email, address, city, region, verification_status, store_status, commission_rate, total_sales, total_orders, rating, review_count, created_at, updated_at) VALUES ('vendor_4b294d48a9d449b6', 'user_9fc5cc84c7d94134', 'FUCK YOU1', 'Small Business', '', '+233244202361', 'fuckyou@gmial.com', '', '', '', 'rejected', 'inactive', 0.1, 0, 0, 0, 0, '2026-01-09T22:23:06.819Z', '2026-01-10T13:19:31.267Z');
INSERT INTO vendors (id, user_id, business_name, business_type, description, phone, email, address, city, region, verification_status, store_status, commission_rate, total_sales, total_orders, rating, review_count, created_at, updated_at) VALUES ('vendor_26c968454ce84048', 'user_c5006fcd4eae499b', 'Apple Shop', 'Retailer', '', '+233244303362', 'ven12@kiosk.com.gh', '', '', '', 'verified', 'active', 0.1, 0, 0, 0, 0, '2026-01-11T10:34:22.108Z', '2026-01-11T10:45:10.715Z');
INSERT INTO vendors (id, user_id, business_name, business_type, description, phone, email, address, city, region, verification_status, store_status, commission_rate, total_sales, total_orders, rating, review_count, created_at, updated_at) VALUES ('vendor_e282b4f8d7fe48f6', 'user_7f415cbcc22b46c1', 'OTI BUSINESSS', 'Small Business', '', '+233233202361', 'board@kiosk.com.gh', '', '', '', 'verified', 'active', 0.1, 0, 0, 0, 0, '2026-01-13T09:49:34.437Z', '2026-01-13T10:17:53.908Z');
INSERT INTO vendors (id, user_id, business_name, business_type, description, phone, email, address, city, region, verification_status, store_status, commission_rate, total_sales, total_orders, rating, review_count, created_at, updated_at) VALUES ('vendor_a384636d3be34b98', 'user_0f25a769864b40d9', 'Good bussines name', 'Individual Seller', '', '+233244509789', 'ven14@kiosk.com.gh', '', '', '', 'verified', 'active', 0.1, 0, 0, 0, 0, '2026-01-11T12:11:30.028Z', '2026-01-13T10:32:35.970Z');
INSERT INTO vendors (id, user_id, business_name, business_type, description, phone, email, address, city, region, verification_status, store_status, commission_rate, total_sales, total_orders, rating, review_count, created_at, updated_at) VALUES ('vendor_914c71bf3acf4bde', 'user_80380234c0154a4e', 'Good Boy', 'Retailer', '', '+233244202363', 'ven8@kiosk.com.gh', '', '', '', 'verified', 'active', 0.1, 0, 0, 0, 0, '2026-01-10T09:05:13.036Z', '2026-01-13T10:53:32.644Z');
INSERT INTO vendors (id, user_id, business_name, business_type, description, phone, email, address, city, region, verification_status, store_status, commission_rate, total_sales, total_orders, rating, review_count, created_at, updated_at) VALUES ('vendor_40e5713c44344c59', 'user_a4f8cfe4295f443d', 'MY BUSSINESS', 'Wholesaler', '', '0244555555', 'ven2@kiosk.com.gh', '', '', '', 'verified', 'active', 0.1, 0, 0, 0, 0, '2026-01-06T22:22:46.808Z', '2026-01-13T11:09:23.329Z');
INSERT INTO vendors (id, user_id, business_name, business_type, description, phone, email, address, city, region, verification_status, store_status, commission_rate, total_sales, total_orders, rating, review_count, created_at, updated_at) VALUES ('vendor_1b57940e2a114c3d', 'user_0e57bae2fa9b41f8', 'Smile ID', 'Manufacturer', '', '+233244567897', 'smile@kiosk.com.gh', '', '', '', 'verified', 'active', 0.1, 0, 0, 0, 0, '2026-01-13T11:11:17.564Z', '2026-01-13T11:11:53.005Z');

-- Step 4: Products without images (44 records)
-- Images need to be re-uploaded via vendor dashboard
INSERT INTO products (id, vendor_id, vendor_name, name, description, category, category_id, condition, price, compare_price, quantity, track_quantity, tags, status, category_attributes, approval_status, is_featured, created_at, updated_at) VALUES ('prod_8bb09454209a4002', 'user_5f699776c0564a5b', 'My Business', 'Apple', 'Good Apple', 'Electronics', NULL, '', 20, 0, 30, 1, '', 'active', '{"condition":"Used - Good"}', '', 0, '2026-01-06T19:07:11.751Z', '2026-01-06T19:07:11.751Z');
INSERT INTO products (id, vendor_id, vendor_name, name, description, category, category_id, condition, price, compare_price, quantity, track_quantity, tags, status, category_attributes, approval_status, is_featured, created_at, updated_at) VALUES ('prod_ebbd4d808c8c4e66', 'user_a4f8cfe4295f443d', 'MY BUSSINESS', 'Hello', 'Good test product', 'NEW', NULL, '', 20, 30, 4, 1, '[]', 'draft', '{"brand":"New"}', '', 0, '2026-01-06T22:39:00.776Z', '2026-01-06T22:39:00.776Z');
INSERT INTO products (id, vendor_id, vendor_name, name, description, category, category_id, condition, price, compare_price, quantity, track_quantity, tags, status, category_attributes, approval_status, is_featured, created_at, updated_at) VALUES ('prod_adc6e7a0a5974383', 'user_a4f8cfe4295f443d', 'MY BUSSINESS', 'Test', 'ghdhdh', 'Mobile Phones', NULL, '', 100, 0, 10, 1, '[]', 'draft', '{"storage":"64GB"}', '', 0, '2026-01-06T23:08:22.255Z', '2026-01-06T23:08:22.255Z');
INSERT INTO products (id, vendor_id, vendor_name, name, description, category, category_id, condition, price, compare_price, quantity, track_quantity, tags, status, category_attributes, approval_status, is_featured, created_at, updated_at) VALUES ('prod_4fd3fbc114634573', 'user_9dca986dc3ef45aa', 'MY BUSINESS', 'Phone', 'Hello', 'Electronics', NULL, '', 90, 0, 30, 1, '', 'active', '{"condition":"Used - Like New","brand":"Apple","warranty":"8"}', '', 0, '2026-01-07T17:59:25.597Z', '2026-01-07T17:59:25.597Z');
INSERT INTO products (id, vendor_id, vendor_name, name, description, category, category_id, condition, price, compare_price, quantity, track_quantity, tags, status, category_attributes, approval_status, is_featured, created_at, updated_at) VALUES ('prod_5ca26c4f698f4539', 'user_5f699776c0564a5b', 'My Business', 'Water', 'ater bottle', 'Health & Beauty', NULL, '', 78, 0, 7, 1, '', 'active', '{}', '', 0, '2026-01-07T18:10:51.942Z', '2026-01-07T18:10:51.942Z');
INSERT INTO products (id, vendor_id, vendor_name, name, description, category, category_id, condition, price, compare_price, quantity, track_quantity, tags, status, category_attributes, approval_status, is_featured, created_at, updated_at) VALUES ('prod_ac369c9f790a4fce', 'user_5f699776c0564a5b', 'My Business', 'Testing Mic', 'Good testing mic', 'Mobile Phones', NULL, '', 120, 0, 84, 1, '', 'active', '{"storage":"32GB","color":"Black"}', '', 0, '2026-01-07T19:52:14.778Z', '2026-01-07T19:52:14.778Z');
INSERT INTO products (id, vendor_id, vendor_name, name, description, category, category_id, condition, price, compare_price, quantity, track_quantity, tags, status, category_attributes, approval_status, is_featured, created_at, updated_at) VALUES ('prod_2294ff2582da44c6', 'user_5f699776c0564a5b', 'My Business', 'DRAFT PRODUC', 'HELLO', 'Food & Beverages', NULL, '', 100, 120, 10, 1, '[]', 'draft', '{"expiryDate":"2026-01-15"}', '', 0, '2026-01-07T21:03:15.480Z', '2026-01-07T21:03:15.480Z');
INSERT INTO products (id, vendor_id, vendor_name, name, description, category, category_id, condition, price, compare_price, quantity, track_quantity, tags, status, category_attributes, approval_status, is_featured, created_at, updated_at) VALUES ('prod_3810505481bb4547', 'user_d25a17f89c6245eb', 'Good Boy', 'After my own fix', 'Good product adding after my own fix', 'Mobile Phones', NULL, 'good', 100, 0, 8, 1, '[]', 'active', '{"storage":"128GB","condition":"good"}', '', 0, '2026-01-11T15:40:11.667Z', '2026-01-12T16:27:29.884Z');
INSERT INTO products (id, vendor_id, vendor_name, name, description, category, category_id, condition, price, compare_price, quantity, track_quantity, tags, status, category_attributes, approval_status, is_featured, created_at, updated_at) VALUES ('prod_cc695525e53e439a', 'user_9dca986dc3ef45aa', 'MY BUSINESS', 'Activity Testing', 'Active Testing', 'Mobile Phones', NULL, '', 200, 10, 8, 1, '[]', 'active', '{"storage":"512GB"}', '', 0, '2026-01-08T10:08:11.865Z', '2026-01-12T18:40:57.056Z');
INSERT INTO products (id, vendor_id, vendor_name, name, description, category, category_id, condition, price, compare_price, quantity, track_quantity, tags, status, category_attributes, approval_status, is_featured, created_at, updated_at) VALUES ('prod_2ab75c94dc864db8', 'user_5f699776c0564a5b', 'My Business', 'See if it shows', '', '', NULL, '', 18909, 0, 9, 1, '', 'active', '{}', '', 1, '2026-01-07T21:09:04.572Z', '2026-01-08T09:20:18.440Z');
INSERT INTO products (id, vendor_id, vendor_name, name, description, category, category_id, condition, price, compare_price, quantity, track_quantity, tags, status, category_attributes, approval_status, is_featured, created_at, updated_at) VALUES ('prod_bd42b9e2019b40c4', 'user_5f699776c0564a5b', 'My Business', 'Testing Out Sku', 'Sku and Barcode Testing', 'Electronics', NULL, '', 1200, 1500, 8, 1, '["SUMMER","WINTER"]', 'active', '{"brand":"Samsung","model":"Note 9","warranty":"12"}', '', 0, '2026-01-11T11:57:34.547Z', '2026-01-21T14:37:19.322Z');
INSERT INTO products (id, vendor_id, vendor_name, name, description, category, category_id, condition, price, compare_price, quantity, track_quantity, tags, status, category_attributes, approval_status, is_featured, created_at, updated_at) VALUES ('prod_b33da95523c5431b', 'user_5f699776c0564a5b', 'My Business', 'DRAFT PRODUC (Copy)', 'HELLO', 'Food & Beverages', NULL, '', 100, 120, 10, 1, '[]', 'draft', '', '', 0, '2026-01-08T09:25:45.843Z', '2026-01-08T09:25:45.843Z');
INSERT INTO products (id, vendor_id, vendor_name, name, description, category, category_id, condition, price, compare_price, quantity, track_quantity, tags, status, category_attributes, approval_status, is_featured, created_at, updated_at) VALUES ('prod_56d411e7b2f349d3', 'user_5f699776c0564a5b', 'My Business', 'Apple (Copy)', 'Good Apple', 'Electronics', NULL, '', 20, 0, 30, 1, '[]', 'draft', '', '', 0, '2026-01-08T09:30:50.745Z', '2026-01-08T09:30:50.745Z');
INSERT INTO products (id, vendor_id, vendor_name, name, description, category, category_id, condition, price, compare_price, quantity, track_quantity, tags, status, category_attributes, approval_status, is_featured, created_at, updated_at) VALUES ('prod_6cca869f2d334b14', 'user_5f699776c0564a5b', 'My Business', 'Apple (Copy)', 'Good Apple', 'Electronics', NULL, '', 20, 0, 30, 1, '[]', 'draft', '', '', 0, '2026-01-08T09:31:10.012Z', '2026-01-08T09:31:10.012Z');
INSERT INTO products (id, vendor_id, vendor_name, name, description, category, category_id, condition, price, compare_price, quantity, track_quantity, tags, status, category_attributes, approval_status, is_featured, created_at, updated_at) VALUES ('prod_4a196171cf5546c0', 'user_9fc5cc84c7d94134', 'FUCK YOU1', 'good', 'Good boy girl', 'Mobile Phones', NULL, '', 10, 0, 0, 1, '[]', 'draft', '{"storage":"64GB","color":"hydxuedvevhujvdhjvsjvdsjwvadjdvbsjkbvsikibgsqki"}', '', 0, '2026-01-10T09:15:45.524Z', '2026-01-10T09:15:45.524Z');
INSERT INTO products (id, vendor_id, vendor_name, name, description, category, category_id, condition, price, compare_price, quantity, track_quantity, tags, status, category_attributes, approval_status, is_featured, created_at, updated_at) VALUES ('prod_bd8f4343f47e4185', 'user_5f699776c0564a5b', 'My Business', 'Edit', 'Good boy', 'Home & Garden', NULL, '', 100, 178, 73, 1, '[]', 'active', '{"room":"Bedroom"}', '', 1, '2026-01-08T11:20:22.754Z', '2026-01-09T08:58:04.579Z');
INSERT INTO products (id, vendor_id, vendor_name, name, description, category, category_id, condition, price, compare_price, quantity, track_quantity, tags, status, category_attributes, approval_status, is_featured, created_at, updated_at) VALUES ('prod_12e3af4b80784ceb', 'user_5f699776c0564a5b', 'My Business', 'Edit (Copy)', 'Update And Duplicate', 'Home & Garden', NULL, '', 100, 178, 73, 1, '[]', 'active', '', '', 0, '2026-01-09T08:58:45.660Z', '2026-01-09T08:59:21.708Z');
INSERT INTO products (id, vendor_id, vendor_name, name, description, category, category_id, condition, price, compare_price, quantity, track_quantity, tags, status, category_attributes, approval_status, is_featured, created_at, updated_at) VALUES ('prod_978b1a7e77624323', 'user_9dca986dc3ef45aa', 'MY BUSINESS', 'See At once', 'see', 'Home & Garden', NULL, '', 100, 0, 200, 1, '[]', 'active', '{}', '', 0, '2026-01-07T20:20:29.453Z', '2026-01-12T20:06:54.605Z');
INSERT INTO products (id, vendor_id, vendor_name, name, description, category, category_id, condition, price, compare_price, quantity, track_quantity, tags, status, category_attributes, approval_status, is_featured, created_at, updated_at) VALUES ('prod_4b09c9cfcce8432c', 'user_5f699776c0564a5b', 'My Business', 'Mercedes Benz', 'Luxury car for sale', 'Automotive', NULL, '', 50000, 0, 1, 1, '', 'draft', '', '', 0, '2026-01-10T21:43:08.792Z', '2026-01-10T21:43:08.792Z');
INSERT INTO products (id, vendor_id, vendor_name, name, description, category, category_id, condition, price, compare_price, quantity, track_quantity, tags, status, category_attributes, approval_status, is_featured, created_at, updated_at) VALUES ('prod_2ae33c96eb364cd0', 'user_80380234c0154a4e', 'Good Boy', 'Good', 'Good dgoo', 'NEW', NULL, '', 10, 0, 1, 1, '[]', 'draft', '{"brand":"ghsdghdhjghs,jddjhsdjhgdsjdxvdhvmjhqsdvdj,yud"}', '', 0, '2026-01-10T10:42:06.687Z', '2026-01-10T10:42:06.687Z');
INSERT INTO products (id, vendor_id, vendor_name, name, description, category, category_id, condition, price, compare_price, quantity, track_quantity, tags, status, category_attributes, approval_status, is_featured, created_at, updated_at) VALUES ('prod_98b7f64988ef4702', 'user_d25a17f89c6245eb', 'Good Boy', 'Apple Sku', 'Adding Sku', 'Mobile Phones', NULL, '', 100, 0, 10, 1, '', 'active', '{"storage":"256GB","color":"Black","network":"MTN"}', '', 0, '2026-01-11T11:53:47.900Z', '2026-01-11T11:53:47.900Z');
INSERT INTO products (id, vendor_id, vendor_name, name, description, category, category_id, condition, price, compare_price, quantity, track_quantity, tags, status, category_attributes, approval_status, is_featured, created_at, updated_at) VALUES ('prod_bf16ae604a394824', 'user_9dca986dc3ef45aa', 'MY BUSINESS', 'Name of', 'Description', 'Mobile Phones', NULL, '', 10, 0, 0, 1, '[]', 'draft', '{"color":"Red"}', '', 0, '2026-01-10T11:33:48.679Z', '2026-01-10T11:33:48.679Z');
INSERT INTO products (id, vendor_id, vendor_name, name, description, category, category_id, condition, price, compare_price, quantity, track_quantity, tags, status, category_attributes, approval_status, is_featured, created_at, updated_at) VALUES ('prod_fe72e8a085be4168', 'user_5f699776c0564a5b', 'My Business', 'iPhone 14 Pro', 'Apple smartphone', 'Electronics', NULL, '', 1000, 0, 5, 1, '', 'draft', '', '', 0, '2026-01-10T21:43:25.205Z', '2026-01-10T21:43:25.205Z');
INSERT INTO products (id, vendor_id, vendor_name, name, description, category, category_id, condition, price, compare_price, quantity, track_quantity, tags, status, category_attributes, approval_status, is_featured, created_at, updated_at) VALUES ('prod_a9dc1cfee8394703', 'user_d25a17f89c6245eb', 'Good Boy', 'Good Watch', 'This after the form update', 'Sports & Outdoors', NULL, '', 120, 0, 10, 1, '[]', 'active', '{}', '', 0, '2026-01-10T13:22:45.293Z', '2026-01-10T13:26:19.626Z');
INSERT INTO products (id, vendor_id, vendor_name, name, description, category, category_id, condition, price, compare_price, quantity, track_quantity, tags, status, category_attributes, approval_status, is_featured, created_at, updated_at) VALUES ('prod_c6ee1a027c314f54', 'user_9dca986dc3ef45aa', 'MY BUSINESS', 'See At once (Copy)', '', '', NULL, '', 100, 0, 0, 1, '[]', 'draft', '', '', 0, '2026-01-07T21:33:59.257Z', '2026-01-10T10:31:25.589Z');
INSERT INTO products (id, vendor_id, vendor_name, name, description, category, category_id, condition, price, compare_price, quantity, track_quantity, tags, status, category_attributes, approval_status, is_featured, created_at, updated_at) VALUES ('prod_538941c67f7c4213', 'user_5f699776c0564a5b', 'My Business', 'After Form Edit', 'Seeing if this will ork after form', 'Mobile Phones', NULL, '', 120, 0, 93, 1, '[]', 'draft', '{"storage":"256GB"}', '', 0, '2026-01-11T10:27:28.077Z', '2026-01-11T10:28:18.430Z');
INSERT INTO products (id, vendor_id, vendor_name, name, description, category, category_id, condition, price, compare_price, quantity, track_quantity, tags, status, category_attributes, approval_status, is_featured, created_at, updated_at) VALUES ('prod_74b8b56db0ee4ffb', 'user_c5006fcd4eae499b', 'Apple Shop', 'New vendor Product', 'This is a ne vendor after form issues SKU', 'Health & Beauty', NULL, '', 118, 0, 9, 1, '[]', 'active', '{"skinType":"Oily","organic":false}', '', 0, '2026-01-11T10:36:18.918Z', '2026-01-11T14:29:17.073Z');
INSERT INTO products (id, vendor_id, vendor_name, name, description, category, category_id, condition, price, compare_price, quantity, track_quantity, tags, status, category_attributes, approval_status, is_featured, created_at, updated_at) VALUES ('prod_166814e3c39b4256', 'user_5f699776c0564a5b', 'My Business', 'Mercedes Benz', 'This is a good car. You should buy it', 'Automotive', NULL, '', 1000, 0, 29, 1, '[]', 'active', '{"carMake":"Mercedes","carModel":"GLC 300","yearRange":"1887"}', '', 0, '2026-01-10T15:43:40.791Z', '2026-01-21T17:51:14.280Z');
INSERT INTO products (id, vendor_id, vendor_name, name, description, category, category_id, condition, price, compare_price, quantity, track_quantity, tags, status, category_attributes, approval_status, is_featured, created_at, updated_at) VALUES ('prod_206d228af6084a68', 'user_5f699776c0564a5b', 'My Business', 'Update and Duplicte 1', 'Update And Duplicate', 'Home & Garden', NULL, '', 100, 178, 70, 1, '[]', 'active', '', '', 0, '2026-01-09T08:59:43.585Z', '2026-01-17T20:56:07.964Z');
INSERT INTO products (id, vendor_id, vendor_name, name, description, category, category_id, condition, price, compare_price, quantity, track_quantity, tags, status, category_attributes, approval_status, is_featured, created_at, updated_at) VALUES ('prod_6ca6c4974bfd4b94', 'user_5f699776c0564a5b', 'My Business', 'Smart one', 'This is another test', 'Home & Garden', NULL, '', 14600, 15000, 5, 1, '[]', 'draft', '{"room":"Bedroom"}', '', 0, '2026-01-25T15:16:53.365Z', '2026-01-25T15:16:53.365Z');
INSERT INTO products (id, vendor_id, vendor_name, name, description, category, category_id, condition, price, compare_price, quantity, track_quantity, tags, status, category_attributes, approval_status, is_featured, created_at, updated_at) VALUES ('prod_367a7b76a4fb4e7a', 'user_9dca986dc3ef45aa', 'MY BUSINESS', 'Good Catch', 'Good test product 1', '', NULL, '', 190, 0, 210, 1, '', 'active', '{}', '', 1, '2026-01-07T17:57:57.291Z', '2026-01-12T20:06:54.608Z');
INSERT INTO products (id, vendor_id, vendor_name, name, description, category, category_id, condition, price, compare_price, quantity, track_quantity, tags, status, category_attributes, approval_status, is_featured, created_at, updated_at) VALUES ('prod_46caa27fa82448c7', 'user_5f699776c0564a5b', 'My Business', 'This is my on test', 'This is my best', 'Electronics', NULL, 'good', 170, 0, 10, 1, '[]', 'draft', '{"condition":"good"}', '', 0, '2026-01-11T15:45:36.269Z', '2026-01-11T15:47:48.007Z');
INSERT INTO products (id, vendor_id, vendor_name, name, description, category, category_id, condition, price, compare_price, quantity, track_quantity, tags, status, category_attributes, approval_status, is_featured, created_at, updated_at) VALUES ('prod_034c9f47f7b94ca0', 'user_5f699776c0564a5b', 'My Business', 'Smart', 'This is a smart product', 'Home & Garden', NULL, '', 3200, 3800, 78, 1, '["Smart","Vanity","Bathroom","Sink","Basin"]', 'active', '{"room":"Bathroom"}', '', 0, '2026-01-25T15:07:20.637Z', '2026-01-27T19:58:06.306Z');
INSERT INTO products (id, vendor_id, vendor_name, name, description, category, category_id, condition, price, compare_price, quantity, track_quantity, tags, status, category_attributes, approval_status, is_featured, created_at, updated_at) VALUES ('prod_fbbc96ed8e184854', 'user_5f699776c0564a5b', 'My Business', 'Smart', 'This is a smart product', 'Home & Garden', NULL, '', 3200, 3800, 80, 1, '["Smart","Vanity","Bathroom","Sink","Basin"]', 'active', '{"room":"Bathroom"}', '', 0, '2026-01-25T15:06:19.912Z', '2026-01-27T20:39:18.335Z');
INSERT INTO products (id, vendor_id, vendor_name, name, description, category, category_id, condition, price, compare_price, quantity, track_quantity, tags, status, category_attributes, approval_status, is_featured, created_at, updated_at) VALUES ('prod_2fc966d0e82b4d31', 'user_5f699776c0564a5b', 'My Business', 'Good product I think it is fixed', 'Fixed THIS one', 'Mobile Phones', NULL, '', 5790, 6000, 27, 1, '[]', 'active', '{"storage":"128GB","color":"Blue","network":"5G"}', '', 0, '2026-01-11T17:38:14.153Z', '2026-01-11T17:46:40.315Z');
INSERT INTO products (id, vendor_id, vendor_name, name, description, category, category_id, condition, price, compare_price, quantity, track_quantity, tags, status, category_attributes, approval_status, is_featured, created_at, updated_at) VALUES ('prod_96941027122f4d2f', 'user_9dca986dc3ef45aa', 'MY BUSINESS', 'Blue', 'Dawn Gratitude', 'Mobile Phones', NULL, '', 987, 0, 177, 1, '', 'active', '{"color":"Midnight Blue","network":"4GE","storage":"128GB"}', '', 0, '2026-01-11T19:39:08.379Z', '2026-01-27T20:39:18.335Z');
INSERT INTO products (id, vendor_id, vendor_name, name, description, category, category_id, condition, price, compare_price, quantity, track_quantity, tags, status, category_attributes, approval_status, is_featured, created_at, updated_at) VALUES ('prod_5befb76cfb6f45b6', 'user_5f699776c0564a5b', 'My Business', 'Barcode and Sku testing', 'This is testing the bacdode fields', 'Mobile Phones', NULL, 'Like New', 189, 0, 19, 1, '[]', 'active', '{"storage":"128GB","condition":"like_new","color":"Sunset Blue"}', '', 0, '2026-01-11T15:51:34.640Z', '2026-01-11T19:30:06.277Z');
INSERT INTO products (id, vendor_id, vendor_name, name, description, category, category_id, condition, price, compare_price, quantity, track_quantity, tags, status, category_attributes, approval_status, is_featured, created_at, updated_at) VALUES ('prod_e1b758b507534f6c', 'user_5f699776c0564a5b', 'My Business', 'Smart one', 'This is another test', 'Home & Garden', NULL, '', 14600, 15000, 0, 1, '[]', 'active', '{"room":"Bedroom"}', '', 0, '2026-01-25T15:16:05.673Z', '2026-01-27T19:05:55.341Z');
INSERT INTO products (id, vendor_id, vendor_name, name, description, category, category_id, condition, price, compare_price, quantity, track_quantity, tags, status, category_attributes, approval_status, is_featured, created_at, updated_at) VALUES ('prod_e16923d7aeb84130', 'user_d25a17f89c6245eb', 'Good Boy', 'Testing', 'Testing more fixes', 'Mobile Phones', NULL, '', 89, 0, 5, 1, '', 'active', '{"storage":"128GB"}', '', 0, '2026-01-11T19:31:44.783Z', '2026-01-27T20:39:18.335Z');
INSERT INTO products (id, vendor_id, vendor_name, name, description, category, category_id, condition, price, compare_price, quantity, track_quantity, tags, status, category_attributes, approval_status, is_featured, created_at, updated_at) VALUES ('prod_7e73395431a64b81', 'user_5f699776c0564a5b', 'My Business', 'Checking', 'This is testing', 'Mobile Phones', NULL, '', 890, 0, 8, 1, '', 'active', '{"storage":"128GB","color":"Sunrise Orange"}', '', 0, '2026-01-11T17:46:12.144Z', '2026-01-25T14:34:07.108Z');
INSERT INTO products (id, vendor_id, vendor_name, name, description, category, category_id, condition, price, compare_price, quantity, track_quantity, tags, status, category_attributes, approval_status, is_featured, created_at, updated_at) VALUES ('prod_a2df3a3714434b6a', 'user_5f699776c0564a5b', 'My Business', 'Smart', 'This is a smart product', 'Home & Garden', NULL, '', 3200, 3800, 81, 1, '["Smart","Vanity","Bathroom","Sink","Basin"]', 'active', '{"room":"Bathroom"}', '', 0, '2026-01-25T15:07:09.008Z', '2026-01-25T15:07:09.008Z');
INSERT INTO products (id, vendor_id, vendor_name, name, description, category, category_id, condition, price, compare_price, quantity, track_quantity, tags, status, category_attributes, approval_status, is_featured, created_at, updated_at) VALUES ('prod_9f145cdf9435468a', 'user_9dca986dc3ef45aa', 'MY BUSINESS', 'Phone (Copy)', 'Hello', 'Electronics', NULL, '', 90, 0, 28, 1, '[]', 'active', '', '', 0, '2026-01-07T21:35:01.639Z', '2026-01-12T18:40:57.065Z');
INSERT INTO products (id, vendor_id, vendor_name, name, description, category, category_id, condition, price, compare_price, quantity, track_quantity, tags, status, category_attributes, approval_status, is_featured, created_at, updated_at) VALUES ('prod_792c3a6810db4716', 'user_5f699776c0564a5b', 'My Business', 'Shoe', 'Ladies Shoe thats nice', 'Fashion & Clothing', NULL, '', 230, 280, 11, 1, '["pink","shoes","female"]', 'active', '{"size":"XL","color":"Pink","gender":"Women"}', '', 0, '2026-01-25T15:09:36.663Z', '2026-01-27T21:31:51.242Z');
INSERT INTO products (id, vendor_id, vendor_name, name, description, category, category_id, condition, price, compare_price, quantity, track_quantity, tags, status, category_attributes, approval_status, is_featured, created_at, updated_at) VALUES ('prod_f457968baf4a4ec4', 'user_9dca986dc3ef45aa', 'MY BUSINESS', 'Testing Color', 'Good product', 'Mobile Phones', NULL, '', 90, 0, 7, 1, '', 'active', '{"color":"Dawn","network":"4GE","storage":"256GB"}', '', 0, '2026-01-11T19:33:58.687Z', '2026-01-27T21:31:51.242Z');

